[
  {
  "name": "BRAPPER",
  "address": "0xa0cca3cf5c64152883f4c947c404e46996593fa7",
  "symbol": "BRAP",
  "decimals": 18,
  "logo": "https://github.saturn.network/eth/logo/brap2.png",
  "website": "https://brappertoken.com",
  "forum": "https://forum.saturn.network/t/brapper-brap-token/4870"
  },
  {
  "name": "AMIS",
  "address": "0x949bed886c739f1a3273629b3320db0c5024c719",
  "symbol": "AMIS",
  "decimals": 9,
  "logo": "https://github.saturn.network/eth/logo/AMIS.png",
  "website": "http://erc20-amis.amisolution.net",
  "forum": "https://forum.saturn.network/t/amis-token-hits-saturns-floor/4398"
  },
 {
  "name": "Hercules",
  "address": "0x6251583e7d997df3604bc73b9779196e94a090ce",
  "symbol": "HERC",
  "decimals": 18,
  "logo": "https://github.saturn.network/eth/logo/HERC.png",
  "website": "https://herc.one",
  "forum": "https://forum.saturn.network/t/herc-listing-on-saturn-network/4448"
  },
  {
  "name": "Free Crypto Lotto",
  "address": "0xeC1cad815B5e8F0f86bb8fB2ADd2774886e79CF0",
  "symbol": "FCL",
  "decimals": 18,
  "logo": "https://github.saturn.network/eth/logo/FCL_200x200.png",
  "website": "http://www.freecryptolotto.co.uk",
  "forum": "https://forum.saturn.network/t/introducing-free-crypto-lotto-to-the-community/4328"
   },
   {
      "name": "Asian Dragon",
      "address": "0xf6dbe88ba55f1793ff0773c9b1275300f830914f",
      "symbol": "AD",
      "decimals": 8,
      "logo": "https://github.saturn.network/eth/logo/AD.png",
      "website": "https://www.asiandragoncoin.com",
      "forum": "https://forum.saturn.network/t/asian-dragon-technology/4282"
   },
   {
      "name": "Easysocial",
      "address": "0x8c0d9959d123c2f40f0dee18dbfa19a3c292c12a",
      "symbol": "EZSOC",
      "decimals": 3,
      "logo": "https://github.saturn.network/eth/logo/ezsoc.png",
      "website": "https://ezsocial.info",
      "forum": "https://forum.saturn.network/t/easysocial-next-generation-decentralized-social-media/3894"
   },
   {
    "name": "Metronome-ETH",
    "address": "0xa3d58c4e56fedcae3a7c43a725aee9a71f0ece4e",
    "symbol": "MET",
    "decimals": 18,
    "logo": "https://s2.coinmarketcap.com/static/img/coins/200x200/2873.png",
    "website": "https://www.metronome.io/",
    "forum": "https://forum.saturn.network/t/metronome-met-eth-token-listing/3590"
  },
  {
    "name": "FingerPrint",
    "address": "0xd9a8cfe21c232d485065cb62a96866799d4645f7",
    "symbol": "FGP",
    "decimals": 18,
    "logo": "https://github.saturn.network/eth/logo/fgp.png",
    "website": "https://fingerprintcoin.org/",
    "forum": "https://forum.saturn.network/t/fingerprint-fgp/3301"
  },
  {
    "name": "Veritaseum",
    "address": "0x8f3470A7388c05eE4e7AF3d01D8C722b0FF52374",
    "symbol": "VERI",
    "decimals": 18,
    "logo": "https://github.saturn.network/eth/logo/veri.png",
    "website": "http://veritas.veritaseum.com/",
    "forum": "https://forum.saturn.network/t/veritaseum-token/2777"
  },
  {
    "name": "Mithril Token",
    "address": "0x3893b9422Cd5D70a81eDeFfe3d5A1c6A978310BB",
    "symbol": "MITH",
    "decimals": 18,
    "logo": "https://forum.saturn.network/uploads/default/original/2X/d/db1b3ffd2398819352fbbfb135f00fdba998bc47.png",
    "website": "https://mith.io/en-US",
    "forum": "https://forum.saturn.network/t/mithril-token-social-mining/3337"
  },
  {
    "name": "Populous",
    "address": "0xd4fa1460f537bb9085d22c7bccb5dd450ef28e3a",
    "symbol": "PPT",
    "decimals": 8,
    "logo": "https://github.saturn.network/eth/logo/ppt.png",
    "website": "https://populous.world/",
    "forum": "https://forum.saturn.network/t/populous-token-platform/2776"
  },
  {
    "name": "GraphGrailAI",
    "address": "0xf207ccfe6d1b90b0b7817ce2d5d262af1514e37b",
    "symbol": "GAI",
    "decimals": 18,
    "logo": "https://github.saturn.network/eth/logo/gai.png",
    "website": "https://graphgrail.com/",
    "forum": "https://forum.saturn.network/t/listing-gai-token-on-saturn/2775"
  },
  {
    "name": "Rivetz",
    "address": "0x3d1ba9be9f66b8ee101911bc36d3fb562eac2244",
    "symbol": "RVT",
    "decimals": 18,
    "logo": "https://github.saturn.network/eth/logo/rvt.png",
    "website": "https://rivetzintl.com/",
    "forum": "https://forum.saturn.network/t/listing-rvt-token-on-saturn/2774"
  },
  {
    "name": "Lira Cash",
    "address": "0x49aaa160506f7e07e6c3f6cd6316b6866025cdcb",
    "symbol": "LIRA",
    "decimals": 8,
    "logo": "https://github.saturn.network/eth/logo/lira_cash.png",
    "website": "http://lira.cash",
    "forum": "https://forum.saturn.network/t/lira-cash-a-mineable-erc20-token-for-merchants/2707"
  },
  {
    "name": "DEBITUM",
    "address": "0x151202c9c18e495656f372281f493eb7698961d5",
    "symbol": "DEB",
    "decimals": 18,
    "logo": "https://github.saturn.network/eth/logo/deb.png",
    "website": "https://debitum.network/",
    "forum": "https://forum.saturn.network/t/debitum-network"
  },
  {
    "name": "HASHGARD",
    "address": "0x5c64031c62061865e5fd0f53d3cdaef80f72e99d",
    "symbol": "GARD",
    "decimals": 18,
    "logo": "https://github.saturn.network/eth/logo/gard.png",
    "website": "https://www.hashgard.com",
    "forum": "https://forum.saturn.network/t/hashgard-gard/2737"
  },
  {
    "name": "DigitexFutures",
    "address": "0x1c83501478f1320977047008496dacbd60bb15ef",
    "symbol": "DGTX",
    "decimals": 18,
    "logo": "https://github.saturn.network/eth/logo/dgtx.png",
    "website": "https://digitexfutures.com/",
    "forum": "https://forum.saturn.network/t/digitex-futures"
  },
  {
    "name": "easyMINE Token",
    "address": "0x9501bfc48897dceeadf73113ef635d2ff7ee4b97",
    "symbol": "EMT",
    "decimals": 18,
    "logo": "https://github.saturn.network/eth/logo/emt.png",
    "website": "https://easymine.io/",
    "forum": "https://forum.saturn.network/t/easymine-mining-made-simple"
  },
  {
    "name": "Genevieve Exchange",
    "address": "0x106b419718298f91ca576728a670597fb2e0ee4e",
    "symbol": "GXE",
    "decimals": 10,
    "logo": "https://github.saturn.network/eth/logo/gxe.png",
    "website": "http://genevieveco.io/",
    "forum": "https://forum.saturn.network/t/genevieve-exchange"
  },
  {
    "name": "Genevieve VC",
    "address": "0x22f0af8d78851b72ee799e05f54a77001586b18a",
    "symbol": "GXVC",
    "decimals": 10,
    "logo": "https://github.saturn.network/eth/logo/gxvc.png",
    "website": "http://genevieveco.io/",
    "forum": "https://forum.saturn.network/t/genevieve-venture-capital"
  },
  {
    "name": "Saturn DAO Token",
    "address": "0xb9440022a095343b440d590fcd2d7a3794bd76c8",
    "symbol": "SATURN",
    "decimals": 4,
    "logo": "https://github.saturn.network/eth/logo/saturn.png",
    "website": "https://saturn.network/",
    "twitter": "https://twitter.com/SaturnProtocol",
    "forum": "https://forum.saturn.network/c/saturn-network"
  },
  {
    "name": "STABLE STB Token",
    "address": "0x09bca6ebab05ee2ae945be4eda51393d94bf7b99",
    "symbol": "STB",
    "decimals": 4,
    "logo": "https://github.saturn.network/eth/logo/stb.png",
    "website": "https://stable.foundation/",
    "forum": "https://forum.saturn.network/t/stable-token-low-volatility-token-erc223"
  },
  {
    "name": "Stish",
    "address": "0xb472c71365ef9ed14226bb0aa4c9a3fa45ece510",
    "symbol": "STISH",
    "decimals": 4,
    "logo": "https://github.saturn.network/eth/logo/stish.png",
    "website": "https://stish.io",
    "twitter": "https://twitter.com/stishcrypto",
    "forum": "https://forum.saturn.network/t/stishit-micro-crypto-economies"
  },
  {
    "name": "BlockVentureCoin",
    "address": "0xf4467cae19c5a53b9fdcd4ded678826805aa1927",
    "symbol": "XBV",
    "decimals": 8,
    "logo": "https://github.saturn.network/eth/logo/xbv.png",
    "website": "https://xbv.io/",
    "forum": "https://forum.saturn.network/t/erc-223-xbv-utility-token"
  },
  {
    "name": "ZRX",
    "address": "0xe41d2489571d322189246dafa5ebde1f4699f498",
    "symbol": "ZRX",
    "decimals": 18,
    "logo": "https://github.saturn.network/eth/logo/zrx.png",
    "website": "https://0xproject.com/",
    "forum": "https://forum.saturn.network/t/0xprotocol-zrx-token"
  },
  {
    "name": "Gastoken.io",
    "address": "0x88d60255f917e3eb94eae199d827dad837fac4cb",
    "symbol": "GST1",
    "decimals": 2,
    "logo": "https://github.saturn.network/eth/logo/gst1.png",
    "website": "https://gastoken.io",
    "forum": "https://forum.saturn.network/t/gastoken-tokenize-gas"
  },
  {
    "name": "Gastoken.io",
    "address": "0x0000000000b3f879cb30fe243b4dfee438691c04",
    "symbol": "GST2",
    "decimals": 2,
    "logo": "https://github.saturn.network/eth/logo/gst2.png",
    "website": "https://gastoken.io",
    "forum": "https://forum.saturn.network/t/gastoken-tokenize-gas"
  },
  {
    "name": "Adelphoi",
    "address": "0x660e71483785f66133548B10f6926dC332b06e61",
    "symbol": "ADL",
    "decimals": 18,
    "logo": "https://github.saturn.network/eth/logo/adel.png",
    "website": "https://adel.io/",
    "forum": "https://forum.saturn.network/t/ann-adl-adel-io-blockchain-agnostic-technology-incubator"
  },
  {
    "name": "PesaPepe",
    "address": "0x61630fd1f65a7b72af8e9faa6e2646080131f501",
    "symbol": "PEP",
    "decimals": 18,
    "logo": "https://github.saturn.network/eth/logo/pep.png",
    "website": "https://pesapepe.org",
    "forum": "https://forum.saturn.network/t/ann-pesapepe-pep-a-token-to-foster-understanding-and-adoption-of-cryptocurrencies-no-ico"
  },
  {
    "name": "0xBitcoin",
    "address": "0xb6ed7644c69416d67b522e20bc294a9a9b405b31",
    "symbol": "0xBTC",
    "decimals": 8,
    "logo": "https://github.saturn.network/eth/logo/0xbtc.png",
    "website": "https://0xbitcoin.org",
    "forum": "https://forum.saturn.network/t/0xbitcoin-pure-mined-erc20-token"
  },
  {
    "name": "Fox Trading",
    "address": "0xFbe878CED08132bd8396988671b450793C44bC12",
    "symbol": "FOXT",
    "decimals": 18,
    "logo": "https://github.saturn.network/eth/logo/foxt.png",
    "website": "https://foxtrading.io",
    "forum": "https://forum.saturn.network/t/fox-trading-automated-forex-and-cryptocurrency-trading-platform"
  },
  {
    "name": "PiedPiperCoin",
    "address": "0x5a3c9a1725aa82690ee0959c89abe96fd1b527ee",
    "symbol": "PPI",
    "decimals": 18,
    "logo": "https://github.saturn.network/eth/logo/ppi.png",
    "website": "https://piperchain.io/",
    "forum": "https://forum.saturn.network/t/ann-ppi-piedpipercoin/2577"
  },
  {
     "name": "Horse",
     "address": "0x5b0751713b2527d7f002c0c4e2a37e1219610a6b",
     "symbol": "HORSE",
     "decimals": 18,
     "logo": "https://github.saturn.network/eth/logo/horse.png",
     "website": "https://ethorse.com/",
     "forum": "https://forum.saturn.network/t/ethorse-the-worlds-first-dapp-to-bet-on-the-price-of-cryptocurrencies/1227"
  },
  {
    "name": "FLIP Token",
    "address": "0x3a1bda28adb5b0a812a7cf10a1950c920f79bcd3",
    "symbol": "FLP",
    "decimals": 18,
    "logo": "https://github.saturn.network/eth/logo/flp.png",
    "website": "https://gameflip.com/flp",
    "forum": "https://forum.saturn.network/t/gameflip-flip-the-crypto-token-for-all-your-gaming-needs/2609/"
  },
  {
    "name": "DICE",
    "address": "0x2e071d2966aa7d8decb1005885ba1977d6038a65",
    "symbol": "ROL",
    "decimals": 16,
    "logo": "https://github.saturn.network/eth/logo/rol.png",
    "website": "http://etheroll.com",
    "forum": "https://forum.saturn.network/t/etheroll-dice-blockchain-casino/2612"
  },
  {
    "name": "BitDice",
    "address": "0x29d75277ac7f0335b2165d0895e8725cbf658d73",
    "symbol": "CSNO",
    "decimals": 8,
    "logo": "https://github.saturn.network/eth/logo/csno.png",
    "website": "https://ico.bitdice.me/en/",
    "forum": "https://forum.saturn.network/t/bitdice-casino-csno-absolutely-fair-games/2613"
  },
  {
    "name": "aXpire",
    "address": "0xc39e626a04c5971d770e319760d7926502975e47",
    "symbol": "AXPR",
    "decimals": 18,
    "logo": "https://github.saturn.network/eth/logo/axpr.png",
    "website": "https://axpire.com/axpire/",
    "forum": "https://forum.saturn.network/t/axpire-axp-erp-saas-company/738"
  },
  {
    "name": "NANJCOIN",
    "address": "0xffe02ee4c69edf1b340fcad64fbd6b37a7b9e265",
    "symbol": "NANJ",
    "decimals": 8,
    "logo": "https://github.saturn.network/eth/logo/nanj.png",
    "website": "https://nanjcoin.com/",
    "forum": "https://forum.saturn.network/t/nanjcoin-nanj-token-for-athletes/2713"
  },
  {
    "name": "4NEW",
    "address": "0x241ba672574a78a3a604cdd0a94429a73a84a324",
    "symbol": "KWATT",
    "decimals": 18,
    "logo": "https://github.saturn.network/eth/logo/4new.png",
    "website": "https://4new.io/",
    "forum": "https://forum.saturn.network/t/kwatt-4new-token/2711"
  },
  {
    "name": "Basic Attention Token",
    "address": "0x0d8775f648430679a709e98d2b0cb6250d2887ef",
    "symbol": "BAT",
    "decimals": 18,
    "logo": "https://github.saturn.network/eth/logo/bat.png",
    "website": "https://basicattentiontoken.org/",
    "forum": "https://forum.saturn.network/t/basic-attention-token-bat/2716"
  },
  {
    "name": "Kyber Network Crystal",
    "address": "0xdd974d5c2e2928dea5f71b9825b8b646686bd200",
    "symbol": "KNC",
    "decimals": 18,
    "logo": "https://github.saturn.network/eth/logo/knc.png",
    "website": "https://kyber.network/",
    "forum": "https://forum.saturn.network/t/kyber-network-crystal-knc/2721"
  },
  {
    "name": "Cryptonex",
    "address": "0x416935c684686877e3931fe8d766cafc5b398ebf",
    "symbol": "CNX",
    "decimals": 18,
    "logo": "https://github.saturn.network/eth/logo/cnx.png",
    "website": "https://cryptonex.org/",
    "forum": "https://forum.saturn.network/t/cryptonex-cnx-easy-entrance-into-crypto-world/2717"
  },
  {
    "name": "Theta Token",
    "address": "0x3883f5e181fccaf8410fa61e12b59bad963fb645",
    "symbol": "THETA",
    "decimals": 18,
    "logo": "https://github.saturn.network/eth/logo/theta.png",
    "website": "https://www.thetatoken.org/",
    "forum": "https://forum.saturn.network/t/theta-token-theta-next-generation-video-delivery-powered-by-you/2718"
  },
  {
    "name": "Decentraland MANA",
    "address": "0x0f5d2fb29fb7d3cfee444a200298f468908cc942",
    "symbol": "MANA",
    "decimals": 18,
    "logo": "https://github.saturn.network/eth/logo/mana.png",
    "website": "https://decentraland.org/",
    "forum": "https://forum.saturn.network/t/decentraland-mana-mana/2720"
  },
  {
    "name": "Aurora DAO",
    "address": "0xcdcfc0f66c522fd086a1b725ea3c0eeb9f9e8814",
    "symbol": "AURA",
    "decimals": 18,
    "logo": "https://github.saturn.network/eth/logo/aura.png",
    "website": "https://auroradao.com/",
    "forum": "https://forum.saturn.network/t/aurora-dao-aura/2722"
  },
  {
    "name": "Bancor Network Token",
    "address": "0x1f573d6fb3f13d689ff844b4ce37794d79a7ff1c",
    "symbol": "BNT",
    "decimals": 18,
    "logo": "https://github.saturn.network/eth/logo/bnt.png",
    "website": "https://bancor.network/",
    "forum": "https://forum.saturn.network/t/bancor-network-token-bnt/2724"
  },
  {
    "name": "TE-FOOD",
    "address": "0xe5f166c0d8872b68790061317bb6cca04582c912",
    "symbol": "TFD",
    "decimals": 18,
    "logo": "https://github.saturn.network/eth/logo/tfd.png",
    "website": "https://ico.tefoodint.com/",
    "forum": "https://forum.saturn.network/t/te-food-farm-to-table-fresh-food-traceability-on-blockchain/2730"
  },
  {
    "name": "UnikoinGold",
    "address": "0x24692791bc444c5cd0b81e3cbcaba4b04acd1f3b",
    "symbol": "UKG",
    "decimals": 18,
    "logo": "https://github.saturn.network/eth/logo/ukg.png",
    "website": "https://unikoingold.com/",
    "forum": "https://forum.saturn.network/t/unikoingold-ukg/2747"
  },
  {
    "name": "SkinCoin",
    "address": "0x2bdc0d42996017fce214b21607a515da41a9e0c5",
    "symbol": "SKIN",
    "decimals": 6,
    "logo": "https://github.saturn.network/eth/logo/skin.png",
    "website": "https://skincoin.org/",
    "forum": "https://forum.saturn.network/t/skincoin-skin/2748"
  },  
  {
    "name": "Dao.Casino",
    "address": "0x8aa33a7899fcc8ea5fbe6a608a109c3893a1b8b2",
    "symbol": "BET",
    "decimals": 18,
    "logo": "https://github.saturn.network/eth/logo/bet.png",
    "website": "https://dao.casino/",
    "forum": "https://forum.saturn.network/t/dao-casino-bet/274"
  }, 
  { 
    "name": "Maya Coin",
    "address": "0x14468ff6b324f1c5a869e62b9c442846e7d0baf1",
    "symbol": "MAYA",
    "decimals": 18,
    "logo": "https://github.saturn.network/eth/logo/MAYA.png",
    "website": "https://mayacoinico.com/",
    "forum": "https://forum.saturn.network/t/maya-coin-information/2698"
  },
  {
    "name": "LoomToken",
    "address": "0xa4e8c3ec456107ea67d3075bf9e3df3a75823db0",
    "symbol": "LOOM",
    "decimals": 18,
    "logo": "https://github.saturn.network/eth/logo/loom.png",
    "website": "https://loomx.io/",
    "forum": "https://forum.saturn.network/t/loom-loomtoken-like-eos-on-ethereum/2755"
  },  
  {
    "name": "Aeternity",
    "address": "0x5ca9a71b1d01849c0a95490cc00559717fcf0d1d",
    "symbol": "AE",
    "decimals": 18,
    "logo": "https://github.saturn.network/eth/logo/ae.png",
    "website": "https://www.aeternity.com/",
    "forum": "https://forum.saturn.network/t/aeternity-blockchain-token/2756"
  },  
  {
    "name": "TrueUSD",
    "address": "0x8dd5fbce2f6a956c3022ba3663759011dd51e73e",
    "symbol": "TUSD",
    "decimals": 18,
    "logo": "https://github.saturn.network/eth/logo/tusd.png",
    "website": "https://www.trusttoken.com/",
    "forum": "https://forum.saturn.network/t/trueusd-tusd-stablecoin-can-redeem-for-us-dollars/2758"
  },  
  {
    "name": "OmiseGo",
    "address": "0xd26114cd6ee289accf82350c8d8487fedb8a0c07",
    "symbol": "OMG",
    "decimals": 18,
    "logo": "https://github.saturn.network/eth/logo/omg.png",
    "website": "https://omisego.network/",
    "forum": "https://forum.saturn.network/t/omisego-omg-unbank-the-banked/2757"
  },
  {
     "name": "Lympo tokens",
     "address": "0x57ad67acf9bf015e4820fbd66ea1a21bed8852ec",
     "symbol": "LYM",
     "decimals": 18,
     "logo": "https://github.saturn.network/eth/logo/lym.png",
     "website": "https://lympo.io",
     "forum": "https://forum.saturn.network/t/lympo-tokens-lym/2759"
  },
  {
     "name": "Poker Chips",
     "address": "0xf3db7560e820834658b590c96234c333cd3d5e5e",
     "symbol": "CHP",
     "decimals": 18,
     "logo": "https://github.saturn.network/eth/logo/chp.png",
     "website": "https://coinpoker.com/",
     "forum": "https://forum.saturn.network/t/poker-chips-chp/2766"
  },
  {
    "name": "BitMartToken",
    "address": "0x986ee2b944c42d017f52af21c4c69b84dbea35d8",
    "symbol": "BMX",
    "decimals": 18,
    "logo": "https://github.saturn.network/eth/logo/bmx.png",
    "website": "https://www.bitmart.com/",
    "forum": "https://forum.saturn.network/t/bitmarttoken-bmx/2765"
  },
  {
    "name": "Spectre.ai D-Token",
    "address": "0x12b306fa98f4cbb8d4457fdff3a0a0a56f07ccdf",
    "symbol": "SXDT",
    "decimals": 18,
    "logo": "https://github.saturn.network/eth/logo/sxdt.png",
    "website": "https://www.spectre.ai/",
    "forum": "https://forum.saturn.network/t/spectre-ai-d-token-sxdt/2764"
  },
  {
    "name": "Decent.Bet Token",
    "address": "0x9b68bfae21df5a510931a262cecf63f41338f264",
    "symbol": "DBET",
    "decimals": 18,
    "logo": "https://github.saturn.network/eth/logo/dbet.png",
    "website": "https://www.decent.bet/",
    "forum": "https://forum.saturn.network/t/decent-bet-token-dbet/2763"
  },
  {
    "name": "Ethbet",
    "address": "0x7d5edcd23daa3fb94317d32ae253ee1af08ba14d",
    "symbol": "EBET",
    "decimals": 2,
    "logo": "https://github.saturn.network/eth/logo/ebet.png",
    "website": "https://ethbet.io/",
    "forum": "https://forum.saturn.network/t/ethbet-io-ebet/2762"
  },
  {
    "name": "Vezt",
    "address": "0x9720b467a710382a232a32f540bdced7d662a10b",
    "symbol": "VZT",
    "decimals": 18,
    "logo": "https://github.saturn.network/eth/logo/vezt.png",
    "website": "https://vezt.co/",
    "forum": "https://forum.saturn.network/t/vezt-vzt-token-for-the-musicians/2773"
  },
  {
    "name": "Token-as-a-Service",
    "address": "0xe7775a6e9bcf904eb39da2b68c5efb4f9360e08c",
    "symbol": "TAAS",
    "decimals": 6,
    "logo": "https://github.saturn.network/eth/logo/taas.png",
    "website": "https://taas.fund/",
    "forum": "https://forum.saturn.network/t/token-as-a-service-taas/2760"
  },
  {
    "name": "SP8DE Token",
    "address": "0x05aaaa829afa407d83315cded1d45eb16025910c",
    "symbol": "SPX",
    "decimals": 18,
    "logo": "https://github.saturn.network/eth/logo/spx.png",
    "website": "https://sp8de.com/",
    "forum": "https://forum.saturn.network/t/sp8de-token-spx/2761"
  },
  {
    "name": "Pundi X Token",
    "address": "0xa15c7ebe1f07caf6bff097d8a589fb8ac49ae5b3",
    "symbol": "NPXS",
    "decimals": 18,
    "logo": "https://github.saturn.network/eth/logo/npxs.png",
    "website": "https://pundix.com/",
    "forum": "https://forum.saturn.network/t/pundi-x-token-npxs/2767"
  },
  {
    "name": "HoloToken",
    "address": "0x6c6ee5e31d828de241282b9606c8e98ea48526e2",
    "symbol": "HOT",
    "decimals": 18,
    "logo": "https://github.saturn.network/eth/logo/hot.png",
    "website": "https://holochain.org/",
    "forum": "https://forum.saturn.network/t/holotoken-hot/2770"
  },
  {
    "name": "Nexo",
    "address": "0xb62132e35a6c13ee1ee0f84dc5d40bad8d815206",
    "symbol": "NEXO",
    "decimals": 18,
    "logo": "https://github.saturn.network/eth/logo/nexo.png",
    "website": "https://nexo.io/",
    "forum": "https://forum.saturn.network/t/nexo-token-nexo/2771"
  },
  {
    "name": "Ethos",
    "address": "0x5af2be193a6abca9c8817001f45744777db30756",
    "symbol": "ETHOS",
    "decimals": 8,
    "logo": "https://github.saturn.network/eth/logo/ethos.png",
    "website": "https://nexo.io/",
    "forum": "https://forum.saturn.network/t/ethos-ethos-universal-wallet/2768"
  },
  {
    "name": "BNB",
    "address": "0xb8c77482e45f1f44de1745f52c74426c631bdd52",
    "symbol": "BNB",
    "decimals": 18,
    "logo": "https://github.saturn.network/eth/logo/bnb.png",
    "website": "https://www.binance.com/",
    "forum": "https://forum.saturn.network/t/when-binance-bnb/2772"
  },
  {
    "name": "ChainLink Token",
    "address": "0x514910771af9ca656af840dff83e8264ecf986ca",
    "symbol": "LINK",
    "decimals": 18,
    "logo": "https://github.saturn.network/eth/logo/link.png",
    "website": "https://chain.link/",
    "forum": "https://forum.saturn.network/t/chainlink-token-link/2781"
  },
  {
    "name": "Gemini dollar",
    "address": "0x056fd409e1d7a124bd7017459dfea2f387b6d5cd",
    "symbol": "GUSD",
    "decimals": 2,
    "logo": "https://github.saturn.network/eth/logo/gemini.png",
    "website": "https://gemini.com/dollar/",
    "forum": "https://forum.saturn.network/t/gemini-dollar-gusd/2782"
  },
  {
    "name": "HuobiToken",
    "address": "0x6f259637dcd74c767781e37bc6133cd6a68aa161",
    "symbol": "HT",
    "decimals": 18,
    "logo": "https://github.saturn.network/eth/logo/huobi.png",
    "website": "https://www.hbg.com/en-us/",
    "forum": "https://forum.saturn.network/t/huobitoken-ht/2784"
  },
  {
    "name": "IOSToken",
    "address": "0xfa1a856cfa3409cfa145fa4e20eb270df3eb21ab",
    "symbol": "IOST",
    "decimals": 18,
    "logo": "https://github.saturn.network/eth/logo/iost.png",
    "website": "https://www.hbg.com/en-us/",
    "forum": "https://forum.saturn.network/t/iostoken-iost/2783"
  },
  {
    "name": "0xLitecoin Token",
    "address": "0x012fd5049a203df08c02fb2e0ed15ceed10d9ed4",
    "symbol": "0xLTC",
    "decimals": 8,
    "logo": "https://github.saturn.network/eth/logo/0xltc.png",
    "website": "http://www.0xltc.net/",
    "forum": "https://forum.saturn.network/t/0xlitecoin-token-0xltc/2785"
  },
  {
    "name": "Traxia Membership Token",
    "address": "0x3209f98bebf0149b769ce26d71f7aea8e435efea",
    "symbol": "TMT",
    "decimals": 18,
    "logo": "https://github.saturn.network/eth/logo/tmt.png",
    "website": "https://www.traxia.co/",
    "forum": "https://forum.saturn.network/t/traxia-membership-token-tmt/2786"
  },
  {
    "name": "Reputation",
    "address": "0x1985365e9f78359a9B6AD760e32412f4a445E862",
    "symbol": "REP",
    "decimals": 18,
    "logo": "https://github.saturn.network/eth/logo/rep.png",
    "website": "https://augur.net/",
    "forum": "https://forum.saturn.network/t/reputation-token/2790"
  },
  {
    "name": "Golem",
    "address": "0xa74476443119A942dE498590Fe1f2454d7D4aC0d",
    "symbol": "GNT",
    "decimals": 18,
    "logo": "https://github.saturn.network/eth/logo/gnt.png",
    "website": "https://golem.network/",
    "forum": "https://forum.saturn.network/t/golem-network-token/2789"
  },  
  {
    "name": "Maker",
    "address": "0x9f8f72aa9304c8b593d555f12ef6589cc3a579a2",
    "symbol": "MKR",
    "decimals": 18,
    "logo": "https://github.saturn.network/eth/logo/mkr.png",
    "website": "https://makerdao.com/",
    "forum": "https://forum.saturn.network/t/maker-dao-token/2788"
  },
  {
    "name": "Status",
    "address": "0x744d70fdbe2ba4cf95131626614a1763df805b9e",
    "symbol": "SNT",
    "decimals": 18,
    "logo": "https://github.saturn.network/eth/logo/snt.png",
    "website": "https://status.im/",
    "forum": "https://forum.saturn.network/t/status-network-token/2791"
  },
  {
    "name": "Waltonchain",
    "address": "0xb7cb1c96db6b22b0d3d9536e0108d062bd488f74",
    "symbol": "WTC",
    "decimals": 18,
    "logo": "https://github.saturn.network/eth/logo/wtc.png",
    "website": "http://www.waltonchain.org/",
    "forum": "https://forum.saturn.network/t/waltonchain-token/2792"
  },
  {
    "name": "Mithril",
    "address": "0x3893b9422cd5d70a81edeffe3d5a1c6a978310bb",
    "symbol": "MITH",
    "decimals": 18,
    "logo": "https://github.saturn.network/eth/logo/mith.png",
    "website": "https://mith.io/",
    "forum": "https://forum.saturn.network/t/mithril-social-network/2793"
  },
  {
    "name": "KuCoin Shares",
    "address": "0x039b5649a59967e3e936d7471f9c3700100ee1ab",
    "symbol": "KCS",
    "decimals": 6,
    "logo": "https://github.saturn.network/eth/logo/kcs.png",
    "website": "https://kucoin.com/",
    "forum": "https://forum.saturn.network/t/kucoin-share-token/2794"
  },
  {
    "name": "Revain",
    "address": "0x48f775efbe4f5ece6e0df2f7b5932df56823b990",
    "symbol": "R",
    "decimals": 0,
    "logo": "https://github.saturn.network/eth/logo/r.png",
    "website": "https://revain.org/",
    "forum": "https://forum.saturn.network/t/revain-platform-token/2795"
  },
  {
    "name": "VeChain",
    "address": "0xd850942ef8811f2a866692a623011bde52a462c1",
    "symbol": "VEN",
    "decimals": 18,
    "logo": "https://github.saturn.network/eth/logo/ven.png",
    "website": "https://www.vechain.org/",
    "forum": "https://forum.saturn.network/t/vechain-network-token/2799"
  },
  {
    "name": "Tether USD",
    "address": "0xdac17f958d2ee523a2206206994597c13d831ec7",
    "symbol": "USDT",
    "decimals": 6,
    "logo": "https://github.saturn.network/eth/logo/usdt.png",
    "website": "https://www.tether.to/",
    "forum": "https://forum.saturn.network/t/tether-usdt-stablecoin/2800"
  },
  {
    "name": "NOAH COIN",
    "address": "0x58a4884182d9e835597f405e5f258290e46ae7c2",
    "symbol": "NOAH",
    "decimals": 18,
    "logo": "https://github.saturn.network/eth/logo/noah.png",
    "website": "https://www.noahcoin.org/",
    "forum": "https://forum.saturn.network/t/noah-coin-listing/2801"
  },
  {
    "name": "Horyou Token",
    "address": "0xcfac2916ec118a0252a7766c513ee7c71b384b5e",
    "symbol": "HYT",
    "decimals": 18,
    "logo": "https://github.saturn.network/eth/logo/hyt.png",
    "website": "https://tge.horyoutoken.io",
    "forum": "https://forum.saturn.network/t/horyou-token-information/2802"
  },
  {
    "name": "XinFin XDCE",
    "address": "0x41ab1b6fcbb2fa9dced81acbdec13ea6315f2bf2",
    "symbol": "XDCE",
    "decimals": 18,
    "logo": "https://github.saturn.network/eth/logo/xdce.png",
    "website": "https://www.xinfin.io/",
    "forum": "https://forum.saturn.network/t/xinfin-xdce-information/2803"
  },
  {
    "name": "Legolas Exchange",
    "address": "0x123ab195dd38b1b40510d467a6a359b201af056f",
    "symbol": "LGO",
    "decimals": 8,
    "logo": "https://github.saturn.network/eth/logo/lgo.png",
    "website": "https://legolas.exchange/",
    "forum": "https://forum.saturn.network/t/legolas-exchange-information/2804"
  },
  {
    "name": "Snovio",
    "address": "0xbdc5bac39dbe132b1e030e898ae3830017d7d969",
    "symbol": "SNOV",
    "decimals": 18,
    "logo": "https://github.saturn.network/eth/logo/snov.png",
    "website": "https://snovian.space/",
    "forum": "https://forum.saturn.network/t/snovio-lead-generation-platform-snov/2740"
  },
  {
    "name": "WandX",
    "address": "0x27f610bf36eca0939093343ac28b1534a721dbb4",
    "symbol": "WAND",
    "decimals": 18,
    "logo": "https://github.saturn.network/eth/logo/wandx.png",
    "website": "https://www.wandx.co/",
    "forum": "https://forum.saturn.network/t/wandx-token-wand/2739"
  },  
  {
    "name": "Unity ETH token",
    "address": "0x30dfd1e3ba2919d1337512a9f3cf83050fa7b84b",
    "symbol": "UXET",
    "decimals": 0,
    "logo": "https://github.saturn.network/eth/logo/UXET2.png",
    "website": "https://unity-corp.com/about-us",
    "forum": "https://forum.saturn.network/t/uxet-unity-eth-token/2806"
  },
  {
    "name": "Cygnus",
    "address": "0x3ee8743a700f04de27471a43e0da359608679b63",
    "symbol": "Cyg",
    "decimals": 18,
    "logo": "https://github.saturn.network/eth/logo/cyg.png",
    "website": "https://www.cygnusnetwork.org/",
    "forum": "https://forum.saturn.network/t/cygnus-network-decentralized-web-browser/2807"
  },
  {
    "name": "BTC LITE",
    "address": "0x5acd19b9c91e596b1f062f18e3d02da7ed8d1e50",
    "symbol": "BTCL",
    "decimals": 8,
    "logo": "https://github.saturn.network/eth/logo/btcl.png",
    "website": "http://btclite.org/",
    "forum": "https://forum.saturn.network/t/btc-lite-btcl-bitcoin-lite/2809"
  },
  {
    "name": "BioCrypt",
    "address": "0xf18432ef894ef4b2a5726f933718f5a8cf9ff831",
    "symbol": "BIO",
    "decimals": 8,
    "logo": "https://github.saturn.network/eth/logo/bio.png",
    "website": "https://biocrypt.tech/",
    "forum": "https://forum.saturn.network/t/biocrypt-technologies-bio/2812"
  },
  {
    "name": "Wankcoin",
    "address": "0x4304bd6506aa9d2708eed2aea1cfcb0adaf652e5",
    "symbol": "WKC",
    "decimals": 18,
    "logo": "https://github.saturn.network/eth/logo/wkc.png",
    "website": "https://www.wankcoin.com",
    "forum": "https://forum.saturn.network/t/wankcoin-wkc-safe-secure-discreet/2811"
  },
  {
    "name": "district0x",
    "address": "0x0abdace70d3790235af448c88547603b945604ea",
    "symbol": "DNT",
    "decimals": 18,
    "logo": "https://github.saturn.network/eth/logo/dnt.png",
    "website": "https://district0x.io/",
    "forum": "https://forum.saturn.network/t/district0x-dnt-token/2810"
  },
  {
    "name": "TEEN",
    "address": "0xd3003b3778bf4887e73eb320b71a04728961505c",
    "symbol": "TEEN",
    "decimals": 18,
    "logo": "https://github.saturn.network/eth/logo/teen.png",
    "website": "https://myteencoin.com/",
    "forum": "https://forum.saturn.network/t/my-teen-coin-teen-coin/2814"
  },
  {
    "name": "FANTOM",
    "address": "0x4e15361fd6b4bb609fa63c81a2be19d873717870",
    "symbol": "FTM",
    "decimals": 18,
    "logo": "https://github.saturn.network/eth/logo/ftm.png",
    "website": "https://fantom.foundation",
    "forum": "https://forum.saturn.network/t/fantom-world-s-first-dag-based-smart-contract-platform/2819"
  },
  {
    "name": "Ubex",
    "address": "0x6704b673c70de9bf74c8fba4b4bd748f0e2190e1",
    "symbol": "UBEX",
    "decimals": 18,
    "logo": "https://github.saturn.network/eth/logo/ubex.png",
    "website": "https://www.ubex.com",
    "forum": "https://forum.saturn.network/t/ubex-ai-in-advertising/2818"
  },
  {
    "name": "Regium",
    "address": "0x9996a0b4d0d7ed1b7e41ad08bdc4acb198e232a9",
    "symbol": "REGI",
    "decimals": 18,
    "logo": "https://github.saturn.network/eth/logo/regi.png",
    "website": "https://regium.xyz",
    "forum": "https://forum.saturn.network/t/regium-based-on-erc-223-smart-contract-technology/2169"
  },
  {
    "name": "Carats Token",
    "address": "0x19ea630bcbc1a511a16e65b6ecd447c92e1c087c",
    "symbol": "CARAT",
    "decimals": 18,
    "logo": "https://github.saturn.network/eth/logo/carat.png",
    "website": "https://carats.io",
    "forum": "https://forum.saturn.network/t/carats-token-carat/2995"
  },
  {
    "name": "Stellar Classic",
    "address": "0x65815700c9c4b382a6e8ae09f8fe9458af0b4f8a",
    "symbol": "XLM",
    "decimals": 18,
    "logo": "https://github.saturn.network/eth/logo/xlm.png",
    "website": "http://stellarclassics.com/",
    "forum": "https://forum.saturn.network/t/stellar-classic-xlm-token/3005"
  },
  {
    "name": "Elisia",
    "address": "0x96c9126ee53fe08cc28fb08248915c76af3e3568",
    "symbol": "ELSA",
    "decimals": 18,
    "logo": "https://github.saturn.network/eth/logo/elisia.png",
    "website": "https://elisia.io/",
    "forum": "https://forum.saturn.network/t/elisia-elsa-tokens-future-of-blockchain/3001"
  },
  {
    "name": "SeeleToken",
    "address": "0xb1eef147028e9f480dbc5ccaa3277d417d1b85f0",
    "symbol": "SEELE",
    "decimals": 18,
    "logo": "https://github.saturn.network/eth/logo/seele.png",
    "website": "https://seele.pro",
    "forum": "https://forum.saturn.network/t/seele-token-heterogeneous-forest-network/3067"
  },
  {
    "name": "FasTrader",
    "address": "0xadc4c7037aa071b8e2b229debf645f9f70448234",
    "symbol": "FTD",
    "decimals": 18,
    "logo": "https://github.saturn.network/eth/logo/ftd.png",
    "website": "https://fastrader.io/",
    "forum": "https://forum.saturn.network/t/fastrader-ftd-human-artificial-intelligence-for-crypto-trading/3106"
  },
  {
    "name": "Hooli Coin Blockchain",
    "address": "0x6baf7fcea90b0968dc5ed7b8dcb76c986637ff55",
    "symbol": "HLI",
    "decimals": 18,
    "logo": "https://github.saturn.network/eth/logo/hli.png",
    "website": "https://www.hoolicoin.org/",
    "forum": "https://forum.saturn.network/t/hooli-coin-blockchain-hli/3107"
  },
  {
    "name": "Linkey Token",
    "address": "0x49bd2da75b1f7af1e4dfd6b1125fecde59dbec58",
    "symbol": "LKY",
    "decimals": 18,
    "logo": "https://github.saturn.network/eth/logo/lky.png",
    "website": "https://www.linkey.info/",
    "forum": "https://forum.saturn.network/t/linkey-token-lky/3109"
  },
   {
    "name": "Parachute",
    "address": "0x1beef31946fbbb40b877a72e4ae04a8d1a5cee06",
    "symbol": "PAR",
    "decimals": 18,
    "logo": "https://github.saturn.network/eth/logo/par.png",
    "website": "https://www.parachutetoken.com/",
    "forum": "https://forum.saturn.network/t/parachute-par-parjar-telegram-wallet/3110"
  },
  {
    "name": "Autonio",
    "address": "0x5554e04e76533e1d14c52f05beef6c9d329e1e30",
    "symbol": "NIO",
    "decimals": 0,
    "logo": "https://github.saturn.network/eth/logo/nio.png",
    "website": "https://auton.io/",
    "forum": "https://forum.saturn.network/t/autonio-nio-the-first-decentralized-ai-trading-application-for-cryptocurrencies/3111/"
  },
  {
    "name": "Mass Vehicle Ledger Token",
    "address": "0xa849eaae994fb86afa73382e9bd88c2b6b18dc71",
    "symbol": "MVL",
    "decimals": 18,
    "logo": "https://github.saturn.network/eth/logo/mvl.png",
    "website": "https://mvlchain.io/",
    "forum": "https://forum.saturn.network/t/mass-vehicle-ledger-token-mvl-incentive-based-blockchain-mobility-ecosystem/3112"
  },
  {
    "name": "ChangeNOW",
    "address": "0xe9a95d175a5f4c9369f3b74222402eb1b837693b",
    "symbol": "NOW",
    "decimals": 8,
    "logo": "https://github.saturn.network/eth/logo/now.png",
    "website": "https://changenow.io/",
    "forum": "https://forum.saturn.network/t/changenow-now-fast-crypto-swaps-free-of-custody/3113"
  },
  {
    "name": "Decenturion Token",
    "address": "0x0ce6d5a093d4166237c7a9ff8e0553b0293214a1",
    "symbol": "DCNT",
    "decimals": 18,
    "logo": "https://github.saturn.network/eth/logo/dcnt.png",
    "website": "https://decenturion.com/",
    "forum": "https://forum.saturn.network/t/decenturion-token-are-you-a-citizen/3114"
  },
  {
    "name": "Veritaseum",
    "address": "0x8f3470a7388c05ee4e7af3d01d8c722b0ff52374",
    "symbol": "VERI",
    "decimals": 18,
    "logo": "https://github.saturn.network/eth/logo/veri.png",
    "website": "http://veritas.veritaseum.com/",
    "forum": "https://forum.saturn.network/t/veritaseum-token/2777"
  },
  {
    "name": "PurpleCoin",
    "address": "0x809faaf63ee61b9133102b4fbe560219b534b6e4",
    "symbol": "PPC",
    "decimals": 18,
    "logo": "https://github.saturn.network/eth/logo/ppc.png",
    "website": "https://purplethrone.com/",
    "forum": "https://forum.saturn.network/t/purplecoin-ppc-join-the-purplethrone/3115"
  },
  {
    "name": "Elitium",
    "address": "0x6ab4a7d75b0a42b6bc83e852dab9e121f9c610aa",
    "symbol": "EUM",
    "decimals": 18,
    "logo": "https://github.saturn.network/eth/logo/elitium.png",
    "website": "https://www.elitium.io",
    "forum": "https://forum.saturn.network/t/elitium-eum-luxury-lifestyle-ecosystem/3129"
  },
  {
    "name": "Cryptrust",
    "address": "0x8606a8f28e1e2fd50b9074d65c01548b1f040b32",
    "symbol": "CTRT",
    "decimals": 8,
    "logo": "https://github.saturn.network/eth/logo/ctrt.png",
    "website": "https://cryptrust.io",
    "forum": "https://forum.saturn.network/t/cryptrust-decentralized-trust-based-social-network/3193"
  },
  {
    "name": "intimate",
    "address": "0x1dbed266d20d27d0bd1c4707fc002defe7e0267b",
    "symbol": "ITM",
    "decimals": 18,
    "logo": "https://github.saturn.network/eth/logo/itm.png",
    "website": "https://intimate.io/",
    "forum": "https://forum.saturn.network/t/intimate-itm-payment-token-for-adult-industry/3108"
  },
  {
    "name": "UniversalCoin",
    "address": "0xbb325121a2be1294b51c10ec56989e5693d0f59d",
    "symbol": "UNV",
    "decimals": 18,
    "logo": "https://github.saturn.network/eth/logo/unv.png",
    "website": "https://universalcoin.io/",
    "forum": "https://forum.saturn.network/t/universal-coin-a-wealth-creation-experiment-anyone-can-join-free/2411"
  },
  {
    "name": "BitBall",
    "address": "0x382117315856a533549ea621542ccce13e54ae82",
    "symbol": "BTB",
    "decimals": 18,
    "logo": "https://github.saturn.network/eth/logo/btb.png",
    "website": "https://www.bitball-btb.com/",
    "forum": "https://forum.saturn.network/t/please-update-bitball-btb-logo/3195"
  },
  {
    "name": "Tether EUR",
    "address": "0xabdf147870235fcfc34153828c769a70b3fae01f",
    "symbol": "EURT",
    "decimals": 6,
    "logo": "https://github.saturn.network/eth/logo/eurt.png",
    "website": "https://www.tether.to/",
    "forum": "https://forum.saturn.network/t/tether-usdt-stablecoin/2800"
  },
  {
    "name": "DelegateCallToken",
    "address": "0x9a49dd5cec4f89a1e061f761088fbc7c2039c6e1",
    "symbol": "DCT",
    "decimals": 18,
    "logo": "https://github.saturn.network/eth/logo/dct.png",
    "website": "https://delegatecall.com",
    "forum": "https://forum.saturn.network/t/lets-list-delegatecall-com-s-token/1434"
  },
  {
    "name": "ScudoCash",
    "address": "0xb0cc5610e590eb7215bf4d69eca2ca26b6a9bc87",
    "symbol": "SCUDO",
    "decimals": 18,
    "logo": "https://github.saturn.network/eth/logo/scudo.png",
    "website": "http://www.scudocash.com/",
    "twitter": "https://twitter.com/scudocash",
    "forum": "https://forum.saturn.network/t/scudocash-scudo-token-listed-bitbazar-io-platform/3262"
  },
  {
    "name": "Dai Stablecoin v1.0",
    "address": "0x89d24a6b4ccb1b6faa2625fe562bdd9a23260359",
    "symbol": "DAI",
    "decimals": 18,
    "logo": "https://github.saturn.network/eth/logo/dai.png",
    "website": "https://makerdao.com/",
    "forum": "https://forum.saturn.network/t/dai-stablecoin-dai/3347"
  },
  {
    "name": "LOUDEX",
    "address": "0x101cc92ca086a2289421614124f88f288be90feb",
    "symbol": "LDX",
    "decimals": 8,
    "logo": "https://github.saturn.network/eth/logo/ldx.png",
    "website": "https://loudex.site/",
    "forum": "https://forum.saturn.network/t/loudex-the-future-of-blockchain-asset-exchange/3384"
  },
  {
    "name": "Wrapped BTC",
    "address": "0x2260fac5e5542a773aa44fbcfedf7c193bc2c599",
    "symbol": "WBTC",
    "decimals": 8,
    "logo": "https://github.saturn.network/eth/logo/wbtc.png",
    "website": "https://www.wbtc.network/",
    "forum": "https://forum.saturn.network/t/wrapped-btc-wbtc/3467"
  },
  {
    "name": "DCORP Utility",
    "address": "0xe30e02f049957e2a5907589e06ba646fb2c321ba",
    "symbol": "DRPU",
    "decimals": 8,
    "logo": "https://github.saturn.network/eth/logo/dcorp.png",
    "website": "https://www.dcorp.it/",
    "forum": "https://forum.saturn.network/t/dcorp-utility-drpu/3434"
  },
  {
    "name": "Modum Token",
    "address": "0x957c30ab0426e0c93cd8241e2c60392d08c6ac8e",
    "symbol": "MOD",
    "decimals": 0,
    "logo": "https://github.saturn.network/eth/logo/mod.png",
    "website": "https://modum.io/",
    "forum": "https://forum.saturn.network/t/modum-token-mod/3422"
  },
  {
    "name": "Ace Wins",
    "address": "0xbffdd152a9da1eda4afcc550fb1c789019e75334",
    "symbol": "ACE",
    "decimals": 0,
    "logo": "https://github.saturn.network/eth/logo/ACE.png",
    "website": "https://www.acewins.io/",
    "forum": "https://forum.saturn.network/t/ace-wins-ace-gambling-token/3469"
  },
  {
    "name": "MYFICHAIN",
    "address": "0x8aff1a0fec91cfa690fe79c1c140f5b59c56a181",
    "symbol": "MYFI",
    "decimals": 18,
    "logo": "https://github.saturn.network/eth/logo/myfi.png",
    "website": "https://myfichain.com/",
    "forum": "https://forum.saturn.network/t/myfichain-myfi/3605"
  },
  {
    "name": "BLACKPANTHER",
    "address": "0x278ae6f52ce72b0df6cba451534b87846acc9d65",
    "symbol": "BPER",
    "decimals": 10,
    "logo": "https://github.saturn.network/eth/logo/bper.png",
    "website": "https://www.blackpanthercrypto.com/",
    "forum": "https://forum.saturn.network/t/black-panther-bper-https-www-blackpanthercrypto-com/3637"
  },
  {
    "name": "GreatBritishPoundToken",
    "address": "0xb3742ca2e6e8e9f707886fd37bb3ba8159dd85d3",
    "symbol": "GBPT",
    "decimals": 18,
    "logo": "https://github.saturn.network/eth/logo/GBPT.png",
    "website": "https://gbptoken.org/",
    "forum": "https://forum.saturn.network/t/greatbritishpoundtoken-gbpt/3627"
  },
  {
    "name": "EXL Capital",
    "address": "0xfa47546d241b8ab4e89cd6b0d7e44239a87930d9",
    "symbol": "EXL",
    "decimals": 18,
    "logo": "https://github.saturn.network/eth/logo/EXL.png",
    "website": "https://www.exlcapital.com.br/",
    "forum": "https://forum.saturn.network/t/exl-capital-antifragil-exl/3620"   
  },
  {
    "name": "OCTCOIN",
    "address": "0xbc90c835f2bc5255078cefc2a9c37cde0db2cae5",
    "symbol": "OCTC",
    "decimals": 6,
    "logo": "https://github.saturn.network/eth/logo/octc.png",
    "website": "https://oct.group/en",
    "forum": "https://forum.saturn.network/t/octcoin-project/3691"
  },
  {
    "name": "Apputoken",
    "address": "0x1bb877351a0c5985a53fb7ca3c38a2d5871dcc71",
    "symbol": "APPU",
    "decimals": 18,
    "logo": "https://github.saturn.network/eth/logo/appu.png",
    "website": "https://apputoken.tech/",
    "forum": "https://forum.saturn.network/t/apputoken-appu/3735"
  },
  {
    "name": "Atomic Wallet Token",
    "address": "0xad22f63404f7305e4713ccbd4f296f34770513f4",
    "symbol": "AWC",
    "decimals": 8,
    "logo": "https://github.saturn.network/eth/logo/awc.png",
    "website": "https://atomicwallet.io/",
    "forum": "https://forum.saturn.network/t/atomic-wallet-token-awc/3736"
  },
  {
    "name": "EnkronosToken",
    "address": "0x92b914f1ddcbb1d117a718e83c9ed7eb32fc44d1",
    "symbol": "ENK",
    "decimals": 18,
    "logo": "https://github.saturn.network/eth/logo/enk.png",
    "website": "https://ico.enkronos.com/",
    "forum": "https://forum.saturn.network/t/enkronostoken-enk/3737"
  },
  {
    "name": "Own",
    "address": "0x1460a58096d80a50a2f1f956dda497611fa4f165",
    "symbol": "CHX",
    "decimals": 18,
    "logo": "https://github.saturn.network/eth/logo/own.png",
    "website": "https://weown.com/",
    "forum": "https://forum.saturn.network/t/own-chx-tokenizing-technology-for-financial-services/3738"
  },
  {
    "name": "Bitball Treasure",
    "address": "0x2932746414a6766a2b4a472cb3a2624f5667fd83",
    "symbol": "BTRS",
    "decimals": 18,
    "logo": "https://github.saturn.network/eth/logo/btrs.png",
    "website": "https://www.bitball-btb.com/",
    "forum": "https://forum.saturn.network/t/please-upload-bitball-treasure-btrs-fork-of-bitball-btb-logo-on-your-exchange/3303"
  },
  {
    "name": "CGCX Exchange Token",
    "address": "0x8b35368ccbadbfbf2d19e8d3d8e58e3ddb63853a",
    "symbol": "CGCX",
    "decimals": 18,
    "logo": "https://github.saturn.network/eth/logo/cgcx.png",
    "website": "https://cgcx.io/",
    "forum": "https://forum.saturn.network/t/cgcx-exchange-token-cgcx/3739"
  },
  {
    "name": "DD eCoin",
    "address": "0x02abd7fcf0f3b543694185158c73ba0e51bece9d",
    "symbol": "DDXC",
    "decimals": 18,
    "logo": "https://github.saturn.network/eth/logo/ddxc.png",
    "website": "https://www.ddecoin.eu/",
    "forum": "https://forum.saturn.network/t/dd-ecoin-ddxc/3740"
  },
  {
    "name": "WeGold Token",
    "address": "0x58091522ed8032129e3ee55cc08e5d18c3ec7081",
    "symbol": "WGD",
    "decimals": 18,
    "logo": "https://github.saturn.network/eth/logo/wgd.png",
    "website": "https://wegold.io/",
    "forum": "https://forum.saturn.network/t/wegold-token-wgd/3742"
  },
  {
    "name": "IZX Token",
    "address": "0x2ad180cbaffbc97237f572148fc1b283b68d8861",
    "symbol": "IZX",
    "decimals": 18,
    "logo": "https://github.saturn.network/eth/logo/izx.png",
    "website": "https://izx.io/",
    "forum": "https://forum.saturn.network/t/izx-token-izx/3743"
  },
  {
    "name": "LOOiX",
    "address": "0x56af6596f28d9e6f289521d31affdb95c412265e",
    "symbol": "LOOiX",
    "decimals": 18,
    "logo": "https://github.saturn.network/eth/logo/looix.png",
    "website": "https://www.looix.io/",
    "forum": "https://forum.saturn.network/t/looix-token-bringing-blockchain-technology-to-lifestyle/3744"
  },
  {
    "name": "Helios Token",
    "address": "0xf5d714d9cd577b7daf83f84aea37a1eb0787e7ad",
    "symbol": "HLS",
    "decimals": 18,
    "logo": "https://github.saturn.network/eth/logo/hls.png",
    "website": "https://heliosprotocol.io/",
    "forum": "https://forum.saturn.network/t/helios-protocol-token/3745"
  },
  {
    "name": "SpectrumNetwork",
    "address": "0x259059f137cb9b8f60ae27bd199d97abb69e539b",
    "symbol": "SPEC",
    "decimals": 18,
    "logo": "https://github.saturn.network/eth/logo/spec2.png",
    "website": "https://www.the-spectrumnetwork.com/",
    "forum": "https://forum.saturn.network/t/spectrumnetwork-spec/3746"
  },
  {
    "name": "Global Capital Token",
    "address": "0x903f4db09b186cf571fef4d1840ac01847c53934",
    "symbol": "GCT",
    "decimals": 18,
    "logo": "https://github.saturn.network/eth/logo/GCT.png",
    "website": "https://www.globalcapitaltoken.online/",
    "forum": "https://forum.saturn.network/t/global-capital-token-receive-free-token-from-our-supported-ico-every-month/3594"
  },
  {
    "name": "Biograffi",
    "address": "0xa8daa52ded91f7c82b4bb02b4b87c6a841db1fd5",
    "symbol": "BGF",
    "decimals": 8,
    "logo": "https://github.saturn.network/eth/logo/BGF.png",
    "website": "http://www.biograffi.com/",
    "forum": "https://forum.saturn.network/t/biograffi-a-new-to-share-your-life/3550"
  },
  {
    "name": "QZ Token",
    "address": "0x955fe846c726d5e4aa0a9eea65417dc7394e8dbf",
    "symbol": "QZT",
    "decimals": 18,
    "logo": "https://github.saturn.network/eth/logo/qzt.png",
    "website": "https://exchange.efir.io/en/",
    "forum": "https://forum.saturn.network/t/efir-io-qz-token-qzt/3741"
  },
  {
   "name": "Enjin Coin",
   "address": "0xf629cbd94d3791c9250152bd8dfbdf380e2a3b9c",
   "symbol": "ENJ",
   "decimals": 18,
   "logo": "https://github.saturn.network/eth/logo/enj.png",
   "website": "https://enjincoin.io/",
   "forum": "https://forum.saturn.network/t/enjin-coin-enj/3786"
  },
  {
   "name": "MasternodeInvest",
   "address": "0x411079f1b50ac2583a458a7cce1d1afdf4f8842e",
   "symbol": "MS",
   "decimals": 18,
   "logo": "https://github.saturn.network/eth/logo/ms.png",
   "website": "http://www.masternodeinvest.io/",
   "forum": "https://forum.saturn.network/t/masternode-invest-token-15-03-2019-listing-date-get-a-montly-revenue-from-cryptocurrency-masternode/3247"
  },
  {
    "name": "HadePay",
    "address": "0x0854dcbdcd026c0b534b09608adb3f2bf6baacd0",
    "symbol": "HPAY",
    "decimals": "18",
    "logo": "https://github.saturn.network/eth/logo/hpay.png",
    "website": "https://hadeplatform.com/hpay",
    "forum": "https://forum.saturn.network/t/hadepay-coin-hpay/3827"
  },
  {
    "name": "GLX.com Common Equity Tokens - Reg S",
    "address": "0x9a8b83bc3315fee8f3a1482642a3c52143af0fa2",
    "symbol": "XX",
    "decimals": "18",
    "logo": "https://github.saturn.network/eth/logo/glx.png",
    "website": "http://glx.com/",
    "forum": "https://forum.saturn.network/t/glx-com-class-a-common-equity-tokens-xx/3811"
  },
  {
    "name": "Bitcoin Rewards",
    "address": "0x1648c89a6e6ae6250472caa2f8f1c440c2f714fe",
    "symbol": "BXR",
    "decimals": "18",
    "logo": "https://github.saturn.network/eth/logo/bxr.png",
    "website": "https://twitter.com/BXRcoin",
    "forum": "https://forum.saturn.network/t/bitcoin-rewards-bxr-loyalty-program-crypto/3834"
  },
  {
    "name": "BITCOIN SVGOLD",
    "address": "0x8013d06a86f341afab95f82f6487e44c4dc0c655",
    "symbol": "BSVG",
    "decimals": "18",
    "logo": "https://github.saturn.network/eth/logo/bsvg.png",
    "website": "https://www.bitcoinsvgold.org/",
    "forum": "https://forum.saturn.network/t/bitcoinsvgold-for-erc20-world/3928"
  },
  {
    "name": "Grow Token",
    "address": "0x832ec40433b457028a1d27434f3b9fdf81aaecbe",
    "symbol": "GRWT",
    "decimals": "8",
    "logo": "https://github.saturn.network/eth/logo/GRWT1.png",
    "website": "https://growtoken.io/",
    "forum": "https://forum.saturn.network/t/grow-token-grwt-new-contract/4102"
  },
  {
    "name": "WETC",
    "address": "0x86aabcc646f290b9fc9bd05ce17c3858d1511da1",
    "symbol": "WETC",
    "decimals": "18",
    "logo": "https://github.saturn.network/eth/logo/wetc.png",
    "website": "https://wetc.app/",
    "forum": "https://forum.saturn.network/t/wrapped-ethereum-classic-wetc/3964"
  },
  {
    "name": "PopCoin",
    "address": "0xc77a91bef771a0b62a81ef776bc5071713025dde",
    "symbol": "POPCOIN",
    "decimals": "18",
    "logo": "https://github.saturn.network/eth/logo/popcoin.png",
    "website": "https://www.cryptopopcoin.com/",
    "forum": "https://forum.saturn.network/t/cryptopop-popcoin/3995"
  },
  {
    "name": "BitUnits",
    "address": "0x5b54240612a83d34e89c141fd2f8d399349a9490",
    "symbol": "UNITX",
    "decimals": 8,
    "logo": "https://github.saturn.network/eth/logo/UNITX.png",
    "website": "https://www.bitunits.club",
    "forum": "https://forum.saturn.network/t/bitunits-airdrop/1334"
  },
  {
    "name": "BitUnits",
    "address": "0x2167d2c82f763257c4f0a3e40d9b494ef93702f1",
    "symbol": "XP",
    "decimals": 18,
    "logo": "https://github.saturn.network/eth/logo/XP.png",
    "website": "https://www.bitunits.club",
    "forum": "https://forum.saturn.network/t/bitunits-airdrop/1334"
  },
  {
    "name": "Free Crypto Lotto",
    "address": "0xeC1cad815B5e8F0f86bb8fB2ADd2774886e79CF0",
    "symbol": "FCL",
    "decimals": 18,
    "logo": "https://github.saturn.network/eth/logo/FCL_200x200.png",
    "website": "http://www.freecryptolotto.co.uk",
    "forum": "https://forum.saturn.network/t/introducing-free-crypto-lotto-to-the-community/4328"
   },
   {
    "name": "ITSToken",
    "address": "0x517c62136a2d0ba66d0590644c9763992253e90b",
    "symbol": "ITS",
    "decimals": 2,
    "logo": "https://github.saturn.network/eth/logo/ITS.png",
    "website": "https://www.satyasys.com/tokensale/",
    "forum": "https://forum.saturn.network/t/introducing-its-it-services-token/4435"
   },
   {
    "name": "Goat Cash",
    "address": "0x9f452e458b024e82d6e3ff50a07b8de74c988523",
    "symbol": "GOAT",
    "decimals": 18,
    "logo": "https://github.saturn.network/eth/logo/goat.png",
    "website": "https://goat.cash",
    "forum": "https://forum.saturn.network/t/introducing-goat-cash-goat/4442"
   },
  {
  "name": "Donavan Trust",
  "address": "0x5d4cfc3c5b79ab867c338fa6219fd1aad71f67e3",
  "symbol": "DNRT",
  "decimals": 18,
  "logo": "https://github.saturn.network/eth/logo/dnrt.png",
  "forum": "https://forum.saturn.network/t/new-ico-donavan-trust/4397"
  },
  {
  "name": "Metronome",
  "address": "0xa3d58c4e56fedcae3a7c43a725aee9a71f0ece4e",
  "symbol": "MET",
  "decimals": 18,
  "logo": "https://github.saturn.network/eth/logo/met.png",
  "website": "https://metronome.io/",
  "twitter": "https://twitter.com/MET_Token",  
  "forum": "https://forum.saturn.network/t/metronome-the-built-to-last-cryptocurrency/2412"
  },
  {
  "name": "HireGo",
  "address": "0xaaa89105dab822dbc9a6de64a23d045d99d5fd36",
  "symbol": "HGO",
  "decimals": 18,
  "logo": "https://github.saturn.network/eth/logo/hg.png",
  "website": "https://hirego.io",
  "forum": "https://forum.saturn.network/t/introducing-the-hirego-hgo-token-decentralized-vehicle-hire-and-data-monetization/4662"
  },
  {
  "name": "ETHplode",
  "address": "0xe0c6ce3e73029f201e5c0bedb97f67572a93711c",
  "symbol": "ETHPLO",
  "decimals": 6,
  "logo": "https://github.saturn.network/eth/logo/ethplode.png",
  "website": "https://ethplode.org",
  "forum": "https://forum.saturn.network/t/ethplode-it-s-ploding/4705"
  },
  {
  "name": "Elementor Coin",
  "address": "0x9fe1125896af883c584740805429d16bf615132b",
  "symbol": "ELT",
  "decimals": 6,
  "logo": "https://github.saturn.network/eth/logo/elementor.png",
  "website": "https://elementorcoin.it/",
  "forum": "https://forum.saturn.network/t/elementor-coin-project/4726"
  },
  {
  "name": "Civic",
  "address": "0xb23ecb14153319a29c86a560b22ff2fd3f3341a0",
  "symbol": "CVC",
  "decimals": 8,
  "logo": "https://github.saturn.network/eth/logo/CVC.png",
  "website": "https://www.civic.com",
  "forum": "https://forum.saturn.network/t/cvc-civic-token/4860"
  },
  {
  "name": "Andrey Voronkov Ventures Promo",
  "address": "0x783ba0062326861ee76e0e15429594922e9fe2f5",
  "symbol": "AVVP",
  "decimals": 18,
  "logo": "https://github.saturn.network/eth/logo/avvp.png",
  "website": "https://voronkov.io/en",
  "forum": "https://forum.saturn.network/t/andrey-voronkov-ventures-promo/4757"
  }
]
