[
  {
    "name": "Saturn Classic DAO Token",
    "address": "0xac55641cbb734bdf6510d1bbd62e240c2409040f",
    "symbol": "SATURN",
    "decimals": 4,
    "logo": "https://github.saturn.network/etc/logo/saturn.png",
    "website": "https://saturn.network/",
    "twitter": "https://twitter.com/SaturnProtocol",
    "forum": "https://forum.saturn.network/c/saturn-network"
  },
  {
    "name": "Bitcoin Classic Token",
    "address": "0x1be6d61b1103d91f7f86d47e6ca0429259a15ff0",
    "symbol": "BCT",
    "decimals": 8,
    "logo": "https://github.saturn.network/etc/logo/bct.png",
    "website": "https://classicbitcoin.org/",
    "twitter": "https://twitter.com/bctproject",
    "forum": "https://forum.saturn.network/t/bitcoin-classic-token-first-mineable-erc223-token-on-etc/1826"
  },
  {
    "name": "BitUnits",
    "address": "0xd1c10d433c888e6d1841ff924d0ce45157f0d5cd",
    "symbol": "UNITS",
    "decimals": 6,
    "logo": "https://github.saturn.network/etc/logo/units.png",
    "website": "https://www.bitunits.club/",
    "twitter": "https://twitter.com/bitunits",
    "forum": "https://forum.saturn.network/t/bitunits-airdrop"
  },
  {
    "name": "Raise On Market",
    "address": "0xc5001cf14630a792045ff51c83a4d2b455bb5b0f",
    "symbol": "XAVE",
    "decimals": 8,
    "logo": "https://github.saturn.network/etc/logo/xave.png",
    "forum": "https://forum.saturn.network/t/xave-raise-on-market-token-launching-airdrop"
  },
  {
    "name": "iETC",
    "address": "0x1178d40896cf784db203eb40f159d78ab6e99a29",
    "symbol": "iETC",
    "decimals": 4,
    "logo": "https://github.saturn.network/etc/logo/ietc.png",
    "website": "http://ietccoin.com/",
    "forum": "https://forum.saturn.network/t/ietc-what-bitcoin-was-supposed-to-be"
  },
  {
    "name": "Highlander",
    "address": "0xfc07d3e0e36330a151c09384c3ad45e745227688",
    "symbol": "ONE",
    "decimals": 6,
    "logo": "https://github.saturn.network/etc/logo/one.png",
    "website": "https://highlander.network/",
    "forum": "https://forum.saturn.network/t/highlander-one-token-there-can-be-only-one"
  },
  {
    "name": "Aim Token",
    "address": "0x9946c9c519638740eac4ee3aa9f20ebe1ce36c2c",
    "symbol": "AIM",
    "decimals": 8,
    "logo": "https://github.saturn.network/etc/logo/aim.png",
    "website": "https://aimhighroi.cash/",
    "forum": "https://forum.saturn.network/t/aim-high-roi-token"
  },
  {
    "name": "Anarchypedia",
    "address": "0x05a987a86b83983be95cf18547fd64afa443d4dd",
    "symbol": "ANTI",
    "decimals": 8,
    "logo": "https://github.saturn.network/etc/logo/anti.png",
    "forum": "https://forum.saturn.network/t/anarchypedia-a-brief-introduction"
  },
  {
    "name": "BitUnits Fermium",
    "address": "0x169a4d7ab1244eb57433082b94d8ded5bb97483f",
    "symbol": "BFM",
    "decimals": 18,
    "logo": "https://github.saturn.network/etc/logo/bfm.png",
    "website": "https://www.bitunits.club/bitunits-fermium",
    "forum": "https://forum.saturn.network/t/bitunits-fermium-bfm-the-lowest-supply-token-yet"
  },
  {
    "name": "Classic Cannabis Joints",
    "address": "0x1fe3164da6b47c52349e98c14440879a42852d71",
    "symbol": "WEED",
    "decimals": 18,
    "logo": "https://github.saturn.network/etc/logo/weed.png",
    "forum": "https://forum.saturn.network/t/classic-cannabis-joints-weed"
  },
  {
    "name": "Litecoin Classic Token",
    "address": "0x4a3a14d47634e0712b1aa33f17ec31316a0d5bab",
    "symbol": "LCT",
    "decimals": 8,
    "logo": "https://github.saturn.network/etc/logo/lct.png",
    "website": "https://www.classiclitecoin.xyz/",
    "forum": "https://forum.saturn.network/t/litecoin-classic-token"
  },
  {
    "name": "P9 Database Token",
    "address": "0x508b2df04fad2d6d615e5976df13d429f007457c",
    "symbol": "P9DATA",
    "decimals": 4,
    "logo": "https://github.saturn.network/etc/logo/p9.png",
    "website": "https://philthy95.com/p9database.html",
    "forum": "https://forum.saturn.network/t/ann-p9data-decentralized-recording-label-fueled-by-ether-25k-jackpot-prize-more"
  },
  {
    "name": "BitUnits Indo",
    "address": "0x64fd6eeb4c86a66b0cfeeafec11fbc57a2993e67",
    "symbol": "XNDO",
    "decimals": 8,
    "logo": "https://github.saturn.network/etc/logo/xndo.png",
    "website": "https://www.bitunits.club",
    "forum": "https://forum.saturn.network/t/bitunits-indonesia-xndo"
  },
  {
    "name": "BitUnits Proof of Work Reward",
    "address": "0x7b355c571fede83f152e9585143306c0d2b53193",
    "symbol": "BPOWR",
    "decimals": 18,
    "logo": "https://github.saturn.network/etc/logo/bpowr.png",
    "website": "https://www.bitunits.club",
    "forum": "https://forum.saturn.network/t/bitunits-proof-of-work-reward"
  },
  {
    "name": "Dogecoin Classic Token",
    "address": "0xff8596169865c7cc1458b1c0eccafd4092c7f10f",
    "symbol": "DOGECT",
    "decimals": 8,
    "logo": "https://github.saturn.network/etc/logo/dogect.png",
    "forum": "https://forum.saturn.network/t/dogecoin-classic-token"
  },
  {
    "name": "Phoenix",
    "address": "0x8900f34372f27ebb5881d4ec6b35844a3655ccfc",
    "symbol": "PHX",
    "decimals": 0,
    "logo": "https://github.saturn.network/etc/logo/phx.png",
    "website": "https://phoenixcrypto.io",
    "forum": "https://forum.saturn.network/t/phoenix-crypto/1365"
  },
  {
    "name": "BitUnits Titan",
    "address": "0x690d4d5e3722e140fca16e25e7a579588d93eb75",
    "symbol": "TITAN",
    "decimals": 18,
    "logo": "https://github.saturn.network/etc/logo/titan.png",
    "website": "https://www.bitunits.club/",
    "forum": "https://forum.saturn.network/t/bitunits-titan-loyalty-program-for-trading-etc-on-saturn-network"
  },
  {
    "name": "MoneroToken",
    "address": "0xca08daec07f11d9375ca64478e83a12fc35b09d2",
    "symbol": "XMRT",
    "decimals": 8,
    "logo": "https://github.saturn.network/etc/logo/xmrt.png",
    "website": "https://xmrt.org",
    "forum": "https://forum.saturn.network/t/xmrt-monero-token/2297"
  },
  {
    "name": "DogeClassic",
    "address": "0xfebe1a3be54c17d60787583c82a1e918f9a4a4db",
    "symbol": "DOGEC",
    "decimals": 4,
    "logo": "https://github.saturn.network/etc/logo/dogeclassic.png",
    "forum": "https://forum.saturn.network/t/new-token-on-etc-dogeclassic-dogec/2371"
  },
  {
    "name": "Fifty Thousand Coin",
    "address": "0x5beb463647b1fd55d3f876e9b042c27aa63f4ba8",
    "symbol": "FTC",
    "decimals": 4,
    "logo": "https://github.saturn.network/etc/logo/fiftythousandlogosaturn.png",
    "forum": "https://forum.saturn.network/t/fifty-thousand-coin-limited-supply-token-now-available-on-saturn-exchange/2407"
  },
  {
    "name": "BitUnits Millium",
    "address": "0x0dc554d2bbc8f4cda0577ced2cd86c54689af3db",
    "symbol": "MLIUM",
    "decimals": 12,
    "logo": "https://github.saturn.network/etc/logo/MLIUM.png",
    "website": "https://www.bitunits.club/",
    "forum": "https://forum.saturn.network/t/bitunits-millium-is-here/2377"
  },
  {
    "name": "HELL",
    "address": "0x0b96d564a9f9295cef8eac94ce3f1c3b9e9e7ed6",
    "symbol": "HELL",
    "decimals": 2,
    "logo": "https://github.saturn.network/etc/logo/hell.png",
    "website": "http://hellcoin.network/",
    "forum": "https://forum.saturn.network/t/hell-coin-made-by-satan-wicked-gives-you-wings/2404"
  },
  {
    "name": "Gastoken.io",
    "address": "0x88d60255f917e3eb94eae199d827dad837fac4cb",
    "symbol": "GST1",
    "decimals": 2,
    "logo": "https://github.saturn.network/etc/logo/gst1.png",
    "website": "https://gastoken.io/",
    "forum": "https://forum.saturn.network/t/gastoken-tokenize-gas"
  },
  {
    "name": "Gastoken.io",
    "address": "0x0000000000b3f879cb30fe243b4dfee438691c04",
    "symbol": "GST2",
    "decimals": 2,
    "logo": "https://github.saturn.network/etc/logo/gst2.png",
    "website": "https://gastoken.io/",
    "forum": "https://forum.saturn.network/t/gastoken-tokenize-gas"
  },
  {
    "name": "Astral Diamonds",
    "address": "0x9a145babb0315f461ed40cb8cd17523a039e0370",
    "symbol": "ASTRAL",
    "decimals": 6,
    "logo": "https://github.saturn.network/etc/logo/astral.png",
    "forum": "https://forum.saturn.network/t/announcing-astral-diamonds-crypto"
  },
  {
    "name": "Blazenite",
    "address": "0x3a6979eab0ad99549158c05f2635c3b85dcaf5e2",
    "symbol": "BLZG1",
    "decimals": 0,
    "logo": "https://github.saturn.network/etc/logo/BLZG1.png",
    "website": "https://www.bitunits.club/",
    "forum": "https://forum.saturn.network/t/bitunits-crypto-dragonz/2438"
  },
  {
    "name": "Dusk",
    "address": "0xaf4d36c8c744f345e060345b6eaf4e899ec7547c",
    "symbol": "DUSKG1",
    "decimals": 0,
    "logo": "https://github.saturn.network/etc/logo/DUSKG1.png",
    "website": "https://www.bitunits.club/",
    "forum": "https://forum.saturn.network/t/bitunits-crypto-dragonz/2438"
  },
  {
    "name": "Gawks",
    "address": "0xdfd0a6bed91d7609a0d84389dcb7aab5877e6afa",
    "symbol": "GKG1",
    "decimals": 0,
    "logo": "https://github.saturn.network/etc/logo/GKG1.png",
    "website": "https://www.bitunits.club/",
    "forum": "https://forum.saturn.network/t/bitunits-crypto-dragonz/2438"
  },
  {
    "name": "Searyver",
    "address": "0x22b3f1d789b189fdd2040d7d5b59568a291ef611",
    "symbol": "SEAG1",
    "decimals": 0,
    "logo": "https://github.saturn.network/etc/logo/SEAG1.png",
    "website": "https://www.bitunits.club/",
    "forum": "https://forum.saturn.network/t/bitunits-crypto-dragonz/2438"
  },
  {
    "name": "Slyike",
    "address": "0x33e89a9db4f5a44d80a3e9d2bdff6c168cbbd15c",
    "symbol": "SLYG1",
    "decimals": 0,
    "logo": "https://github.saturn.network/etc/logo/SLYG1.png",
    "website": "https://www.bitunits.club/",
    "forum": "https://forum.saturn.network/t/bitunits-crypto-dragonz/2438"
  },
  {
    "name": "Merainer",
    "address": "0x50fa6146e86dead56bf9e8e4655dfc2b5235d355",
    "symbol": "MERG1",
    "decimals": 0,
    "logo": "https://github.saturn.network/etc/logo/MERG1.png",
    "website": "https://www.bitunits.club/",
    "forum": "https://forum.saturn.network/t/bitunits-crypto-dragonz/2438"
  },
  {
    "name": "Ellekner",
    "address": "0xe9506979c9fa6f34b93846792c2d4aad7974ea55",
    "symbol": "ELG1",
    "decimals": 0,
    "logo": "https://github.saturn.network/etc/logo/ELG1.png",
    "website": "https://www.bitunits.club/",
    "forum": "https://forum.saturn.network/t/bitunits-crypto-dragonz/2438"
  },
  {
    "name": "Vylingx",
    "address": "0xdf23a076b82a08cefe696346db702bbdd86838bf",
    "symbol": "VYLG1",
    "decimals": 0,
    "logo": "https://github.saturn.network/etc/logo/VYLG1.png",
    "website": "https://www.bitunits.club/",
    "forum": "https://forum.saturn.network/t/bitunits-crypto-dragonz/2438"
  },
  {
    "name": "Treeigh",
    "address": "0x4970515788ab15d4de4e9f8ed1e1079f6d25dc77",
    "symbol": "TREEG1",
    "decimals": 0,
    "logo": "https://github.saturn.network/etc/logo/TREEG1.png",
    "website": "https://www.bitunits.club/",
    "forum": "https://forum.saturn.network/t/bitunits-crypto-dragonz/2438"
  },
  {
    "name": "Feyloo",
    "address": "0x9abcecb1cb8e174b4d158021c9c710c81a989487",
    "symbol": "LOOG1",
    "decimals": 0,
    "logo": "https://github.saturn.network/etc/logo/LOOG1.png",
    "website": "https://www.bitunits.club/",
    "forum": "https://forum.saturn.network/t/bitunits-crypto-dragonz/2438"
  },
  {
    "name": "Qelax",
    "address": "0x4fab5005176f5e4c00988623c35107ccb40dc19d",
    "symbol": "QLXG1",
    "decimals": 0,
    "logo": "https://github.saturn.network/etc/logo/QLXG1.png",
    "website": "https://www.bitunits.club/",
    "forum": "https://forum.saturn.network/t/bitunits-crypto-dragonz/2438"
  },
  {
    "name": "Spike",
    "address": "0xc2a4ce7835c7b6de4f3f15303e25b3ef0bb43bdf",
    "symbol": "SPKG1",
    "decimals": 0,
    "logo": "https://github.saturn.network/etc/logo/SPKG1.png",
    "website": "https://www.bitunits.club/",
    "forum": "https://forum.saturn.network/t/bitunits-crypto-dragonz/2438"
  },
  {
    "name": "Xarrk",
    "address": "0xc98333457471f82871b0193d0e4f03c6d7d7dff8",
    "symbol": "ARKG1",
    "decimals": 0,
    "logo": "https://github.saturn.network/etc/logo/ARKG1.png",
    "website": "https://www.bitunits.club/",
    "forum": "https://forum.saturn.network/t/bitunits-crypto-dragonz/2438"
  },
  {
    "name": "Leafekey",
    "address": "0x935e058102afa0cc3c29af024af3208ba521bcb0",
    "symbol": "KEYG1",
    "decimals": 0,
    "logo": "https://github.saturn.network/etc/logo/KEYG1.png",
    "website": "https://www.bitunits.club/",
    "forum": "https://forum.saturn.network/t/bitunits-crypto-dragonz/2438"
  },
  {
    "name": "Uzel",
    "address": "0x17cdb23e6151dca9a75457d3d795cc5a63648949",
    "symbol": "UZG1",
    "decimals": 0,
    "logo": "https://github.saturn.network/etc/logo/UZG1.png",
    "website": "https://www.bitunits.club/",
    "forum": "https://forum.saturn.network/t/bitunits-crypto-dragonz/2438"
  },
  {
    "name": "Flowejin",
    "address": "0xc658e8372dafff26caa7439b95a1ff723baaef6e",
    "symbol": "FLOWG1",
    "decimals": 0,
    "logo": "https://github.saturn.network/etc/logo/FLOWG1.png",
    "website": "https://www.bitunits.club/",
    "forum": "https://forum.saturn.network/t/bitunits-crypto-dragonz/2438"
  },
  {
    "name": "Wahdereau",
    "address": "0x5046e6b2c9d11458bc3718e0cf5bc8557bccf5dc",
    "symbol": "WADRG1",
    "decimals": 0,
    "logo": "https://github.saturn.network/etc/logo/WADRG1.png",
    "website": "https://www.bitunits.club/",
    "forum": "https://forum.saturn.network/t/bitunits-crypto-dragonz/2438"
  },
  {
    "name": "Neuron",
    "address": "0x15c56f9ede6a53afaff8505d88f47b03b57b52ab",
    "symbol": "NRNG1",
    "decimals": 0,
    "logo": "https://github.saturn.network/etc/logo/NRNG1.png",
    "website": "https://www.bitunits.club/",
    "forum": "https://forum.saturn.network/t/bitunits-crypto-dragonz/2438"
  },
  {
    "name": "Prince Draieo",
    "address": "0xe37b29ce789cfa51b72c64c93e0d7e2d7ba46681",
    "symbol": "PDG1",
    "decimals": 0,
    "logo": "https://github.saturn.network/etc/logo/PDG1.png",
    "website": "https://www.bitunits.club/",
    "forum": "https://forum.saturn.network/t/bitunits-crypto-dragonz/2438"
  },
  {
    "name": "Princess Xole",
    "address": "0xc68ddd84fdc77506a5b7ab43b8e13dba0af74ff4",
    "symbol": "PXG1",
    "decimals": 0,
    "logo": "https://github.saturn.network/etc/logo/PXG1.png",
    "website": "https://www.bitunits.club/",
    "forum": "https://forum.saturn.network/t/bitunits-crypto-dragonz/2438"
  },
  {
    "name": "DrakXat",
    "address": "0xff197d0558aa9cd8ff788c7f0d4a1a48e1c399d6",
    "symbol": "KXATG1",
    "decimals": 0,
    "logo": "https://github.saturn.network/etc/logo/KXATG1.png",
    "website": "https://www.bitunits.club/",
    "forum": "https://forum.saturn.network/t/bitunits-crypto-dragonz/2438"
  },
  {
    "name": "Dredxon",
    "address": "0x477964c7b2cdfe2653b0d89469e40d8a5eef9e52",
    "symbol": "DRXG1",
    "decimals": 0,
    "logo": "https://github.saturn.network/etc/logo/DRXG1.png",
    "website": "https://www.bitunits.club/",
    "forum": "https://forum.saturn.network/t/bitunits-crypto-dragonz/2438"
  },
  {
    "name": "Wayn",
    "address": "0xc2e0bc52d1995df11949425cfdf78d0b6d2cfe0a",
    "symbol": "WAYG1",
    "decimals": 0,
    "logo": "https://github.saturn.network/etc/logo/WAYG1.png",
    "website": "https://www.bitunits.club/",
    "forum": "https://forum.saturn.network/t/bitunits-crypto-dragonz/2438"
  },
  {
    "name": "Gorxon",
    "address": "0xf962ce2544f9e22da3dae54b2a3040db7867f029",
    "symbol": "GRXG1",
    "decimals": 0,
    "logo": "https://github.saturn.network/etc/logo/GRXG1.png",
    "website": "https://www.bitunits.club/",
    "forum": "https://forum.saturn.network/t/bitunits-crypto-dragonz/2438"
  },
  {
    "name": "Maya Preferred 223",
    "address": "0x498ae746150fa9ade927808f069e287ab67b62b5",
    "symbol": "MAPR",
    "decimals": "18",
    "logo": "https://github.saturn.network/etc/logo/MAPR.png",
    "website": "https://mayapreferred.io",
    "forum": "https://forum.saturn.network/t/maya-preferred-223-token/"
  },
  {
    "name": "Unity classic token",
    "address": "0x1ce1b789e291ffa8812d03fa7e67e538f91f132d",
    "symbol": "UXT",
    "decimals": 0,
    "logo": "https://github.saturn.network/etc/logo/UXT2.png",
    "website": "https://unity-corp.com/about-us",
    "forum": "https://forum.saturn.network/t/uxt-unity-classic-token-token-that-brings-good-luck/2694"
  },
  {
    "name": "ONEX Network",
    "address": "0x085b0fdf115aa9e16ae1bddd396ce1f993c52220",
    "symbol": "ONEX",
    "decimals": 18,
    "logo": "https://github.saturn.network/etc/logo/ONEX.png",
    "website": "https://onex.network",
    "twitter": "https://twitter.com/onexnet",
    "forum": "https://forum.saturn.network/t/onex-network-proof-of-stake-token/3061"
  },
  {
    "name": "Buy Crypto News Articles",
    "address": "0x6a37ec2c49e2fb35f9c029128e996f46928ddecc",
    "symbol": "BCNA",
    "decimals": 8,
    "logo": "https://github.saturn.network/etc/logo/bcna.png",
    "website": "https://buycryptonewsarticles.com",
    "forum": "https://forum.saturn.network/t/buy-crypto-news-articles-bcna-token/3126"
  },
  {
    "name": "42 Coin",
    "address": "0x3e6ec3a0a995d3c58d3854aae41c77c687c07e7f",
    "symbol": "42",
    "decimals": 0,
    "logo": "https://github.saturn.network/etc/logo/42.png",
    "website": "https://www.twitter.com/Astral_Diamonds.com",
    "forum": "https://forum.saturn.network/t/introducing-42-coin/3088"
  },
  {
    "name": "Litecoin Classic Token",
    "address": "0xca68fe57a0e9987f940ebcc65fe5f96e7bc30128",
    "symbol": "LCT",
    "decimals": 8,
    "logo": "https://github.saturn.network/etc/logo/lct_2.png",
    "forum": "https://forum.saturn.network/t/placeholder-for-something-new-d/3157" 
  },
  {
    "name": "Candy Classic",
    "address": "0x0b6f824fab88281ea8bd883bdfc1f586743f92fa",
    "symbol": "CANDY",
    "decimals": 6,
    "logo": "https://github.saturn.network/etc/logo/candy.png",
    "forum": "https://forum.saturn.network/t/introducing-candy-classic/3215" 
  },
  {
    "name": "Cannabinoid Coin",
    "address": "0xc5336696301fa06fca05c158ef452b78bbc83e80",
    "symbol": "CBD",
    "decimals": "18",
    "logo": "https://github.saturn.network/etc/logo/CBD.png",
    "website": "https://mayapreferred.io",
    "forum": "https://forum.saturn.network/t/cannabinoid-coin-information/3217"
  },
  {
    "name": "iNTRO TOKEN",
    "address": "0xb932b16ccc42917df3608bfc1519e948b42fdfd9",
    "symbol": "NTRO",
    "decimals": "4",
    "logo": "https://github.saturn.network/etc/logo/ntro.png",
    "website": "https://www.ntro.info/",
    "twitter": "https://twitter.com/iNTROKiNG_NTRO",
    "forum": "https://forum.saturn.network/t/intro-token-ntro-no-intro-no-future/3394"
  },
  {
    "name": "WiiggoCoin",
    "address": "0x876a68d9efbc3cadaa886e9868d93737035f717c",
    "symbol": "WIIG",
    "decimals": 8,
    "logo": "https://github.saturn.network/etc/logo/WIIG-trans-200.png",
    "website": "https://www.wiiggo.com",
    "forum": "https://forum.saturn.network/t/wiiggocoin-wiig-the-future-of-social-media-earnings-loans-and-ecommerce/3288"
  },
  {
    "name": "UniversalCoin",
    "address": "0x6ada6f48c815689502c43ec1a59f1b5dd3c04e1f",
    "symbol": "UNV",
    "decimals": 18,
    "logo": "https://github.saturn.network/etc/logo/unv.png",
    "website": "https://universalcoin.io/",
    "forum": "https://forum.saturn.network/t/universal-coin-a-wealth-creation-experiment-anyone-can-join-free/2411"
  },
  {
    "name": "BCash Classic Token",
    "address": "0xd4729a47ffdbdd190a015bb0c29fc613c5ad3cfe",
    "symbol": "BCHC",
    "decimals": 8,
    "logo": "https://github.saturn.network/etc/logo/bcashclassic.png",
    "forum": "https://forum.saturn.network/t/bcash-classic-token/3426"
  },
  {
    "name": "BitUnits Americas",
    "address": "0x9c5d60f5d1493f3fa05cde2403b4bd4b9cf01057",
    "symbol": "AMRX",
    "decimals": 18,
    "logo": "https://saturn-network.github.io/assets/etc/logo/AMRX.png",
    "website": "https://www.bitunits.club/",
    "forum": "https://forum.saturn.network/t/bitunits-airdrop"
  },
  {
    "name": "BitUnits Africa",
    "address": "0x6fd253a6d78df35f2d932acf4bcef4bb650a2263",
    "symbol": "AFRI",
    "decimals": 18,
    "logo": "https://saturn-network.github.io/assets/etc/logo/AFRI.png",
    "website": "https://www.bitunits.club/",
    "forum": "https://forum.saturn.network/t/bitunits-airdrop"
  },
  {
    "name": "BitUnits Jamaica",
    "address": "0xdeb7ade9417f98afbb60cd6b4a49d4b002ab79c9",
    "symbol": "BJAM",
    "decimals": 18,
    "logo": "https://saturn-network.github.io/assets/etc/logo/BJAM.png",
    "website": "https://www.bitunits.club/",
    "forum": "https://forum.saturn.network/t/bitunits-airdrop"
  },
  {
    "name": "BitUnits Asia",
    "address": "0x51396a258bae60d1fde2a4be900371f3b9c52c43",
    "symbol": "XSIA",
    "decimals": 18,
    "logo": "https://saturn-network.github.io/assets/etc/logo/XSIA.png",
    "website": "https://www.bitunits.club/",
    "forum": "https://forum.saturn.network/t/bitunits-airdrop"
  },
  {
    "name": "BitUnits Europa",
    "address": "0xeceadbb8441aa28b76d8c756ee873ac574068204",
    "symbol": "OPA",
    "decimals": 18,
    "logo": "https://saturn-network.github.io/assets/etc/logo/OPA.png",
    "website": "https://www.bitunits.club/",
    "forum": "https://forum.saturn.network/t/bitunits-airdrop"
  },
  {
    "name": "ETHEREUM",
    "address": "0xf7b58ce217d7c40550642d40155f0271abdd27a5",
    "symbol": "ETH",
    "decimals": 18,
    "logo": "https://forum.saturn.network/uploads/default/original/2X/3/352c657a2e73fad018330b6df323b388799f45c0.png",
    "website": "https://www.google.com/?query=DYOR",
    "forum": "https://forum.saturn.network/t/scam-fraud-warnings/3539"
  },
  {
    "name": "Astral Gold",
    "address": "0x651074850053b7facf7f7200068b29a2e3525b40",
    "symbol": "GOLD",
    "decimals": 8,
    "logo": "https://saturn-network.github.io/assets/etc/logo/Gold.png",
    "website": "https://twitter.com/astral_crypto",
    "forum": "https://forum.saturn.network/t/astral-gold-gold/3686"
  },
  {
  "name": "G Coin",
  "address": "0x8e100855e6647bd24f1a32999c4a6c91497c9f62",
  "symbol": "GTC",
  "decimals": 4,
  "logo": "https://saturn-network.github.io/assets/etc/logo/Gcoin200.png",
  "website": "http://www.analogmusicfestival.com/",
  "forum": "https://forum.saturn.network/t/introducing-gcoin-gtc/4439"
  },
  {
  "name": "Metronome",
  "address": "0xa4d3a7b00056cc5d8206b3b2983bfe0c107d90da",
  "symbol": "MET",
  "decimals": 18,
  "logo": "https://saturn-network.github.io/assets/etc/logo/met.png",
  "website": "https://metronome.io/",
  "forum": "https://forum.saturn.network/t/metronome-the-built-to-last-cryptocurrency/2412"
  },
  {
  "name": "AITBot Token",
  "address": "0x4df86fd5bf250d692c503592bde3d3e9087f6232",
  "symbol": "AITBOT",
  "decimals": 4,
  "logo": "https://saturn-network.github.io/assets/etc/logo/AITBOT.png",
  "website": "www.cryptomarket.exchange",
  "forum": "https://forum.saturn.network/t/aitbot-erc223-stable-token-arbitrage-instant-trading-bot-crypto-trading-compettions/4679"
  },
  {
  "name": "eBOMB",
  "address": "0x171040cd10f204f3b257e45b41ce65d36150558c",
  "symbol": "POW",
  "decimals": 18,
  "logo": "https://saturn-network.github.io/assets/etc/logo/POW.png",
  "website": "https://ebomb-pow.github.io/eBOMB/",
  "forum": "https://forum.saturn.network/t/ebomb-pow-0-5-deflationary-on-etc-chain/4800"
}
]
  
